line_id,amount,comment,txn,timestamp
U123456,1,Thanks for your help!,N/A,2025-07-18T23:26:17.160638
U8dc1d60731ae78bbf923c15db6495dc8,3,Good,N/A,2025-07-19T00:51:51.968161
U8dc1d60731ae78bbf923c15db6495dc8,1,,N/A,2025-07-19T00:54:03.838279
U8dc1d60731ae78bbf923c15db6495dc8,1,,N/A,2025-07-19T00:56:26.528063
U123456,1,Thanks for your help!,N/A,2025-07-19T01:00:49.098148
U8dc1d60731ae78bbf923c15db6495dc8,1,Thanks for your help!,N/A,2025-07-19T01:01:17.093709
U8dc1d60731ae78bbf923c15db6495dc8,1,Thanks for your help!,N/A,2025-07-19T01:02:05.494068
U8dc1d60731ae78bbf923c15db6495dc8,1,dsf,N/A,2025-07-19T01:03:43.469258
U8dc1d60731ae78bbf923c15db6495dc8,1,vvv,N/A,2025-07-19T01:07:15.836165
U8dc1d60731ae78bbf923c15db6495dc8,3,,N/A,2025-07-19T01:11:51.502275
U8dc1d60731ae78bbf923c15db6495dc8,1,Thanks for your help!,N/A,2025-07-19T01:12:20.150576
U8dc1d60731ae78bbf923c15db6495dc8,3,,N/A,2025-07-19T01:15:24.586793
U8dc1d60731ae78bbf923c15db6495dc8,1,,N/A,2025-07-19T01:16:58.329593
U8dc1d60731ae78bbf923c15db6495dc8,5,,N/A,2025-07-19T01:21:21.350433
U8dc1d60731ae78bbf923c15db6495dc8,1,Thanks for your help!,N/A,2025-07-19T03:35:43.748632
U8dc1d60731ae78bbf923c15db6495dc8,1,Thanks for your help!,N/A,2025-07-19T03:43:19.498914
U8dc1d60731ae78bbf923c15db6495dc8,1,Thanks for your help!,N/A,2025-07-19T03:44:01.175633
U8dc1d60731ae78bbf923c15db6495dc8,1,,N/A,2025-07-19T03:46:56.476728
Uc3b2817e61e12890403e6314167453ed,1,gooddd,N/A,2025-07-19T04:45:22.188846
Uc3b2817e61e12890403e6314167453ed,1,Thanks for your help!,N/A,2025-07-19T04:47:32.423467
